metric,metric_role,control_n,treatment_n,control_rate,treatment_rate,absolute_uplift,relative_uplift,ci_95_low,ci_95_high,z_statistic,p_value,statistically_significant_5pct,practically_significant,data_source
feature_adoption_7d,primary,22425,22549,0.21636566332218507,0.26400283826333765,0.04763717494115258,0.22016975433951907,0.03975372096661936,0.055520628915685794,11.823011315991328,0.0,True,True,simulated
first_exchange_14d,secondary,22425,22549,0.210479375696767,0.22311410705574528,0.012634731358978274,0.06002835820446775,0.005019082471859358,0.02025038024609719,3.2511640921055927,0.0011493350130846736,True,True,simulated
guardrail_event_30d,guardrail,22425,22549,0.07326644370122631,0.07082353984655639,-0.0024429038546699283,-0.03334273824770124,-0.007222341879784794,0.002336534170444937,-1.0018425910182651,0.31641962321997275,False,False,simulated
