segment_type,segment,metric,control_n,treatment_n,control_rate,treatment_rate,absolute_uplift,relative_uplift,ci_95_low,ci_95_high,z_statistic,p_value,statistically_significant_5pct,data_source
acquisition_channel,affiliate,feature_adoption_7d,2161,2317,0.20962517353077278,0.2498921018558481,0.04026692832507531,0.19209013710924447,0.01566368399710568,0.06487017265304493,3.197300542916406,0.0013872031017332365,True,simulated
acquisition_channel,content,feature_adoption_7d,1328,1348,0.2055722891566265,0.26706231454005935,0.061490025383432845,0.2991163139531092,0.029392436326477082,0.0935876144403886,3.7424471165090316,0.00018223689230212337,True,simulated
acquisition_channel,direct,feature_adoption_7d,2008,1976,0.23904382470119523,0.2773279352226721,0.038284110521476844,0.16015519568151146,0.011124544841915357,0.06544367620103833,2.761243956596197,0.005758164686641809,True,simulated
acquisition_channel,organic_search,feature_adoption_7d,6759,6822,0.221778369581299,0.27059513339196717,0.04881676381066816,0.2201150811182829,0.03435159952067076,0.06328192810066555,6.601896952412075,4.0592862404764674e-11,True,simulated
acquisition_channel,other,feature_adoption_7d,717,670,0.2175732217573222,0.22686567164179106,0.009292449884468867,0.04270952927669345,-0.03450004108692266,0.053084940855860394,0.4160824104115603,0.6773497006116427,False,simulated
acquisition_channel,paid_social,feature_adoption_7d,5350,5364,0.19532710280373833,0.244220730797912,0.04889362799417368,0.2503166600658652,0.03323953131261829,0.06454772467572908,6.110499911617156,9.931953037778385e-10,True,simulated
acquisition_channel,referral,feature_adoption_7d,4102,4052,0.23061921014139444,0.2857847976307996,0.05516558748940517,0.2392063846527907,0.03620026105375582,0.07413091392505453,5.692271320604865,1.2536043758615278e-08,True,simulated
value_segment,High value,feature_adoption_7d,6071,6093,0.22022731016307034,0.26850484162153293,0.048277531458462586,0.2192168238476637,0.033029558524482173,0.063525504392443,6.195125791227565,5.823850290909149e-10,True,simulated
value_segment,Standard value,feature_adoption_7d,16354,16456,0.2149321266968326,0.26233592610597956,0.04740379940914696,0.22055241409308374,0.038194442092976975,0.05661315672531695,10.07106114968529,0.0,True,simulated
