model,accuracy,precision_macro,recall_macro,f1_macro
PyTorch MLP,0.5559701492537313,0.33511663049939483,0.3744404641621506,0.33689138576779026
TensorFlow MLP,0.5839552238805971,0.5350801705877295,0.5290438137227886,0.5315487604484715
