regime_definition,model,accuracy,balanced_accuracy,precision_macro,recall_macro,f1_macro,selected_model_flag
KMeans volatility clusters,Random Forest,0.5584415584415584,0.5996539501029137,0.5318271375089556,0.5996539501029137,0.5409685283412372,1
KMeans volatility clusters,Logistic Regression,0.5565862708719852,0.5991630480780933,0.5165845241050007,0.5991630480780933,0.5321173188062849,0
Quantile tercile,Random Forest,0.5250463821892394,0.5167418776851552,0.5081216457960643,0.5167418776851552,0.504732598237101,0
Quantile tercile,Logistic Regression,0.5064935064935064,0.5029642195407327,0.4943045440060156,0.5029642195407327,0.49703847761006076,0
