model,accuracy,precision,recall,f1,roc_auc
Majority class baseline,0.5611664599991448,0.0,0.0,0.0,0.5
Logistic Regression,0.7144567494762047,0.6574993410069414,0.7291240378057098,0.6914618369987063,0.7987036490438619
Random Forest,0.728481635096421,0.6734024638837188,0.740329338400078,0.7052817228255824,0.8090508895238406
Gradient Boosting,0.7400692692521487,0.7421296296296296,0.6247685861833772,0.6784108342591123,0.8107821777350174
XGBoost,0.7284388762987984,0.6719409282700421,0.7448114586378252,0.7065021488978234,0.8097229877982305
