class,precision,recall,f1-score,support
0,0.7942696101456083,0.5546080682190883,0.653147933565083,36588.0
1,0.585280195449687,0.8139732427266936,0.6809379996446971,28254.0
accuracy,0.6676228370500601,0.6676228370500601,0.6676228370500601,0.6676228370500601
macro avg,0.6897749027976476,0.6842906554728909,0.66704296660489,64842.0
weighted avg,0.7032053782770885,0.6676228370500601,0.6652570684932687,64842.0
