class,precision,recall,f1-score,support
0,0.7809289173829055,0.5920533174852486,0.6734996921516787,47114.0
1,0.5957683975855469,0.7835527771630891,0.6768778599505371,36152.0
accuracy,0.6751975596281796,0.6751975596281796,0.6751975596281796,0.6751975596281796
macro avg,0.6883486574842261,0.6878030473241689,0.6751887760511079,83266.0
weighted avg,0.70053688327878,0.6751975596281796,0.6749664075248721,83266.0
