class,precision,recall,f1-score,support
0,0.7918965908231915,0.5726467694326008,0.6646575516289693,36588.0
1,0.592642767819925,0.8051249380618674,0.6827335754374381,28254.0
accuracy,0.6739458992628234,0.6739458992628234,0.6739458992628234,0.6739458992628234
macro avg,0.6922696793215583,0.6888858537472341,0.6736955635332037,64842.0
weighted avg,0.7050745076805635,0.6739458992628234,0.672533927692084,64842.0
