,precision,recall,f1-score,support
No repeat,0.7819498792773291,0.715635476988723,0.7473244479809031,13124.0
Repeat,0.6719409282700421,0.7448114586378252,0.7065021488978234,10263.0
accuracy,0.7284388762987984,0.7284388762987984,0.7284388762987984,0.7284388762987984
macro avg,0.7269454037736856,0.7302234678132741,0.7269132984393633,23387.0
weighted avg,0.7336742618750206,0.7284388762987984,0.7294102539633015,23387.0
